{"cameraMode":{"drawMode":0,"name":"Shaded","section":"Shading Mode"},"sceneLighting":true,"audioPlay":false,"sceneViewState":{"showFog":true,"showMaterialUpdate":false,"showSkybox":true,"showFlares":true,"showImageEffects":true,"showParticleSystems":true},"in2DMode":false,"pivot":{"x":-196.10476684570313,"y":5.225037574768066,"z":106.60478210449219},"rotation":{"x":0.05306681990623474,"y":0.9468095898628235,"z":-0.23351937532424928,"w":0.215193510055542},"size":1.977463722229004,"orthographic":false}