{"cameraMode":{"drawMode":0,"name":"Shaded","section":"Shading Mode"},"sceneLighting":true,"audioPlay":false,"sceneViewState":{"showFog":true,"showMaterialUpdate":false,"showSkybox":true,"showFlares":true,"showImageEffects":true,"showParticleSystems":true},"in2DMode":false,"pivot":{"x":52.900390625,"y":-39.739601135253909,"z":-128.97007751464845},"rotation":{"x":-0.002307702787220478,"y":0.9897086024284363,"z":-0.14230896532535554,"w":-0.01603308692574501},"size":473.3140869140625,"orthographic":false}