{"cameraMode":{"drawMode":0,"name":"Shaded","section":"Shading Mode"},"sceneLighting":true,"audioPlay":false,"sceneViewState":{"showFog":true,"showMaterialUpdate":false,"showSkybox":true,"showFlares":true,"showImageEffects":true,"showParticleSystems":true},"in2DMode":false,"pivot":{"x":-165.90731811523438,"y":19.15873146057129,"z":-16.555686950683595},"rotation":{"x":0.29032233357429507,"y":-0.24172209203243257,"z":0.07604764401912689,"w":0.9227902889251709},"size":-0.4325042963027954,"orthographic":false}