{"cameraMode":{"drawMode":0,"name":"Shaded","section":"Shading Mode"},"sceneLighting":true,"audioPlay":false,"sceneViewState":{"showFog":true,"showMaterialUpdate":false,"showSkybox":true,"showFlares":true,"showImageEffects":true,"showParticleSystems":true},"in2DMode":false,"pivot":{"x":-201.33868408203126,"y":-6.871425151824951,"z":127.5467758178711},"rotation":{"x":-0.20877189934253694,"y":0.6358757019042969,"z":-0.18444007635116578,"w":-0.7197620868682861},"size":46.00376510620117,"orthographic":false}