{"cameraMode":{"drawMode":0,"name":"Shaded","section":"Shading Mode"},"sceneLighting":true,"audioPlay":false,"sceneViewState":{"showFog":true,"showMaterialUpdate":false,"showSkybox":true,"showFlares":true,"showImageEffects":true,"showParticleSystems":true},"in2DMode":false,"pivot":{"x":2.1181235313415529,"y":-7.094322681427002,"z":88.26260375976563},"rotation":{"x":-0.30168861150741579,"y":0.20163637399673463,"z":-0.06545217335224152,"w":-0.9296168088912964},"size":205.7697296142578,"orthographic":false}