{"cameraMode":{"drawMode":0,"name":"Shaded","section":"Shading Mode"},"sceneLighting":true,"audioPlay":false,"sceneViewState":{"showFog":true,"showMaterialUpdate":false,"showSkybox":true,"showFlares":true,"showImageEffects":true,"showParticleSystems":true},"in2DMode":false,"pivot":{"x":-0.794288158416748,"y":-55.27753448486328,"z":85.90601348876953},"rotation":{"x":0.28303852677345278,"y":-0.012073791585862637,"z":0.0031265101861208679,"w":0.9596273303031921},"size":120.47808837890625,"orthographic":false}