{"cameraMode":{"drawMode":0,"name":"Shaded","section":"Shading Mode"},"sceneLighting":true,"audioPlay":false,"sceneViewState":{"showFog":true,"showMaterialUpdate":false,"showSkybox":true,"showFlares":true,"showImageEffects":true,"showParticleSystems":true},"in2DMode":false,"pivot":{"x":520.4535522460938,"y":562.183837890625,"z":0.0},"rotation":{"x":-0.013809232972562313,"y":0.0020969861652702095,"z":-0.000028938022296642885,"w":-0.9999030828475952},"size":319.5019836425781,"orthographic":false}