{"cameraMode":{"drawMode":0,"name":"Shaded","section":"Shading Mode"},"sceneLighting":true,"audioPlay":false,"sceneViewState":{"showFog":true,"showMaterialUpdate":false,"showSkybox":true,"showFlares":true,"showImageEffects":true,"showParticleSystems":true},"in2DMode":false,"pivot":{"x":66.72811126708985,"y":-222.4706268310547,"z":100.13481140136719},"rotation":{"x":-0.5558611154556274,"y":0.06372155249118805,"z":-0.04272550344467163,"w":-0.8278428316116333},"size":199.78489685058595,"orthographic":false}