{"cameraMode":{"drawMode":0,"name":"Shaded","section":"Shading Mode"},"sceneLighting":true,"audioPlay":false,"sceneViewState":{"showFog":true,"showMaterialUpdate":false,"showSkybox":true,"showFlares":true,"showImageEffects":true,"showParticleSystems":true},"in2DMode":false,"pivot":{"x":-202.11572265625,"y":3.278376579284668,"z":109.99974822998047},"rotation":{"x":0.16584183275699616,"y":-0.6469327807426453,"z":0.14704623818397523,"w":0.7296255230903626},"size":9.008235931396485,"orthographic":false}