{"cameraMode":{"drawMode":0,"name":"Shaded","section":"Shading Mode"},"sceneLighting":false,"audioPlay":false,"sceneViewState":{"showFog":true,"showMaterialUpdate":false,"showSkybox":false,"showFlares":true,"showImageEffects":true,"showParticleSystems":true},"in2DMode":false,"pivot":{"x":21.002174377441408,"y":12.357483863830567,"z":-66.85456848144531},"rotation":{"x":0.15619416534900666,"y":0.6738791465759277,"z":-0.14853067696094514,"w":0.706929624080658},"size":0.4330126941204071,"orthographic":false}