{"cameraMode":{"drawMode":0,"name":"Shaded","section":"Shading Mode"},"sceneLighting":true,"audioPlay":false,"sceneViewState":{"showFog":true,"showMaterialUpdate":false,"showSkybox":true,"showFlares":true,"showImageEffects":true,"showParticleSystems":true},"in2DMode":false,"pivot":{"x":-2.2257421016693117,"y":3.2442638874053957,"z":-2.4050545692443849},"rotation":{"x":-0.24605412781238557,"y":0.5986047387123108,"z":-0.20024316012859345,"w":-0.735572874546051},"size":5.424745559692383,"orthographic":false}